langue,accuracy,temps_secondes
et,0.5,31.432352781295776
ht,0.5,33.08633327484131
id,0.5,33.38316512107849
it,0.5,30.516266584396362
qu,0.5,30.942241430282593
sw,0.5,33.6300585269928
ta,0.5,34.22396993637085
th,0.5,26.23190474510193
tr,0.5,32.58011293411255
vi,0.5,36.09689688682556
zh,0.5,30.53676724433899
